content_id,title,type,year,rating_count,avg_rating,ratings_30d
69079f2cafa5e245b1af7127,Avatar,movie,2009,1,3.0,1
69079f2cafa5e245b1af7128,Pirates of the Caribbean: At World's End,movie,2007,0,0.0,0
69079f2cafa5e245b1af7129,Spectre,movie,2015,0,0.0,0
69079f2cafa5e245b1af712a,The Dark Knight Rises,movie,2012,0,0.0,0
69079f2cafa5e245b1af712b,John Carter,movie,2012,0,0.0,0
69079f2cafa5e245b1af712c,Spider-Man 3,movie,2007,0,0.0,0
69079f2cafa5e245b1af712d,Tangled,movie,2010,0,0.0,0
69079f2cafa5e245b1af712e,Avengers: Age of Ultron,movie,2015,0,0.0,0
69079f2cafa5e245b1af712f,Harry Potter and the Half-Blood Prince,movie,2009,0,0.0,0
69079f2cafa5e245b1af7130,Batman v Superman: Dawn of Justice,movie,2016,0,0.0,0
69079f2cafa5e245b1af7131,Superman Returns,movie,2006,0,0.0,0
69079f2cafa5e245b1af7132,Quantum of Solace,movie,2008,0,0.0,0
69079f2cafa5e245b1af7133,Pirates of the Caribbean: Dead Man's Chest,movie,2006,0,0.0,0
69079f2cafa5e245b1af7134,The Lone Ranger,movie,2013,0,0.0,0
69079f2cafa5e245b1af7135,Man of Steel,movie,2013,0,0.0,0
69079f2cafa5e245b1af7136,The Chronicles of Narnia: Prince Caspian,movie,2008,0,0.0,0
69079f2cafa5e245b1af7137,The Avengers,movie,2012,0,0.0,0
69079f2cafa5e245b1af7138,Pirates of the Caribbean: On Stranger Tides,movie,2011,0,0.0,0
69079f2cafa5e245b1af7139,Men in Black 3,movie,2012,0,0.0,0
69079f2cafa5e245b1af713a,The Hobbit: The Battle of the Five Armies,movie,2014,0,0.0,0
69079f2cafa5e245b1af713b,The Amazing Spider-Man,movie,2012,0,0.0,0
69079f2cafa5e245b1af713c,Robin Hood,movie,2010,0,0.0,0
69079f2cafa5e245b1af713d,The Hobbit: The Desolation of Smaug,movie,2013,0,0.0,0
69079f2cafa5e245b1af713e,The Golden Compass,movie,2007,0,0.0,0
69079f2cafa5e245b1af713f,King Kong,movie,2005,0,0.0,0
69079f2cafa5e245b1af7140,Titanic,movie,1997,0,0.0,0
69079f2cafa5e245b1af7141,Captain America: Civil War,movie,2016,0,0.0,0
69079f2cafa5e245b1af7142,Battleship,movie,2012,0,0.0,0
69079f2cafa5e245b1af7143,Jurassic World,movie,2015,0,0.0,0
69079f2cafa5e245b1af7144,Skyfall,movie,2012,0,0.0,0
69079f2cafa5e245b1af7145,Spider-Man 2,movie,2004,0,0.0,0
69079f2cafa5e245b1af7146,Iron Man 3,movie,2013,0,0.0,0
69079f2cafa5e245b1af7147,Alice in Wonderland,movie,2010,0,0.0,0
69079f2cafa5e245b1af7148,X-Men: The Last Stand,movie,2006,0,0.0,0
69079f2cafa5e245b1af7149,Monsters University,movie,2013,0,0.0,0
69079f2cafa5e245b1af714a,Transformers: Revenge of the Fallen,movie,2009,0,0.0,0
69079f2cafa5e245b1af714b,Transformers: Age of Extinction,movie,2014,0,0.0,0
69079f2cafa5e245b1af714c,Oz: The Great and Powerful,movie,2013,0,0.0,0
69079f2cafa5e245b1af714d,The Amazing Spider-Man 2,movie,2014,0,0.0,0
69079f2cafa5e245b1af714e,TRON: Legacy,movie,2010,0,0.0,0
69079f2cafa5e245b1af714f,Cars 2,movie,2011,0,0.0,0
69079f2cafa5e245b1af7150,Green Lantern,movie,2011,0,0.0,0
69079f2cafa5e245b1af7151,Toy Story 3,movie,2010,0,0.0,0
69079f2cafa5e245b1af7152,Terminator Salvation,movie,2009,0,0.0,0
69079f2cafa5e245b1af7153,Furious 7,movie,2015,0,0.0,0
69079f2cafa5e245b1af7154,World War Z,movie,2013,0,0.0,0
69079f2cafa5e245b1af7155,X-Men: Days of Future Past,movie,2014,0,0.0,0
69079f2cafa5e245b1af7156,Star Trek Into Darkness,movie,2013,0,0.0,0
69079f2cafa5e245b1af7157,Jack the Giant Slayer,movie,2013,0,0.0,0
69079f2cafa5e245b1af7158,The Great Gatsby,movie,2013,0,0.0,0
69079f2cafa5e245b1af7159,Prince of Persia: The Sands of Time,movie,2010,0,0.0,0
69079f2cafa5e245b1af715a,Pacific Rim,movie,2013,0,0.0,0
69079f2cafa5e245b1af715b,Transformers: Dark of the Moon,movie,2011,0,0.0,0
69079f2cafa5e245b1af715c,Indiana Jones and the Kingdom of the Crystal Skull,movie,2008,0,0.0,0
69079f2cafa5e245b1af715d,The Good Dinosaur,movie,2015,0,0.0,0
69079f2cafa5e245b1af715e,Brave,movie,2012,0,0.0,0
69079f2cafa5e245b1af715f,Star Trek Beyond,movie,2016,0,0.0,0
69079f2cafa5e245b1af7160,WALL·E,movie,2008,0,0.0,0
69079f2cafa5e245b1af7161,Rush Hour 3,movie,2007,0,0.0,0
69079f2cafa5e245b1af7162,2012,movie,2009,0,0.0,0
69079f2cafa5e245b1af7163,A Christmas Carol,movie,2009,0,0.0,0
69079f2cafa5e245b1af7164,Jupiter Ascending,movie,2015,0,0.0,0
69079f2cafa5e245b1af7165,The Legend of Tarzan,movie,2016,0,0.0,0
69079f2cafa5e245b1af7166,"The Chronicles of Narnia: The Lion, the Witch and the Wardrobe",movie,2005,0,0.0,0
69079f2cafa5e245b1af7167,X-Men: Apocalypse,movie,2016,0,0.0,0
69079f2cafa5e245b1af7168,The Dark Knight,movie,2008,1,5.0,1
69079f2cafa5e245b1af7169,Up,movie,2009,0,0.0,0
69079f2cafa5e245b1af716a,Monsters vs Aliens,movie,2009,0,0.0,0
69079f2cafa5e245b1af716b,Iron Man,movie,2008,0,0.0,0
69079f2cafa5e245b1af716c,Hugo,movie,2011,0,0.0,0
69079f2cafa5e245b1af716d,Wild Wild West,movie,1999,0,0.0,0
69079f2cafa5e245b1af716e,The Mummy: Tomb of the Dragon Emperor,movie,2008,0,0.0,0
69079f2cafa5e245b1af716f,Suicide Squad,movie,2016,0,0.0,0
69079f2cafa5e245b1af7170,Evan Almighty,movie,2007,0,0.0,0
69079f2cafa5e245b1af7171,Edge of Tomorrow,movie,2014,0,0.0,0
69079f2cafa5e245b1af7172,Waterworld,movie,1995,0,0.0,0
69079f2cafa5e245b1af7173,G.I. Joe: The Rise of Cobra,movie,2009,0,0.0,0
69079f2cafa5e245b1af7174,Inside Out,movie,2015,0,0.0,0
69079f2cafa5e245b1af7175,The Jungle Book,movie,2016,0,0.0,0
69079f2cafa5e245b1af7176,Iron Man 2,movie,2010,0,0.0,0
69079f2cafa5e245b1af7177,Snow White and the Huntsman,movie,2012,0,0.0,0
69079f2cafa5e245b1af7178,Maleficent,movie,2014,0,0.0,0
69079f2cafa5e245b1af7179,Dawn of the Planet of the Apes,movie,2014,0,0.0,0
69079f2cafa5e245b1af717a,The Lovers,movie,2015,0,0.0,0
69079f2cafa5e245b1af717b,47 Ronin,movie,2013,0,0.0,0
69079f2cafa5e245b1af717c,Captain America: The Winter Soldier,movie,2014,0,0.0,0
69079f2cafa5e245b1af717d,Shrek Forever After,movie,2010,0,0.0,0
69079f2cafa5e245b1af717e,Tomorrowland,movie,2015,0,0.0,0
69079f2cafa5e245b1af717f,Big Hero 6,movie,2014,0,0.0,0
69079f2cafa5e245b1af7180,Wreck-It Ralph,movie,2012,0,0.0,0
69079f2cafa5e245b1af7181,The Polar Express,movie,2004,0,0.0,0
69079f2cafa5e245b1af7182,Independence Day: Resurgence,movie,2016,0,0.0,0
69079f2cafa5e245b1af7183,How to Train Your Dragon,movie,2010,0,0.0,0
69079f2cafa5e245b1af7184,Terminator 3: Rise of the Machines,movie,2003,0,0.0,0
69079f2cafa5e245b1af7185,Guardians of the Galaxy,movie,2014,0,0.0,0
69079f2cafa5e245b1af7186,Interstellar,movie,2014,1,2.0,1
69079f2cafa5e245b1af7187,Inception,movie,2010,1,2.0,1
69079f2cafa5e245b1af7188,Shin Godzilla,movie,2016,0,0.0,0
69079f2cafa5e245b1af7189,The Hobbit: An Unexpected Journey,movie,2012,0,0.0,0
69079f2cafa5e245b1af718a,The Fast and the Furious,movie,2001,0,0.0,0
69079f2cafa5e245b1af718b,The Curious Case of Benjamin Button,movie,2008,0,0.0,0
69079f2cafa5e245b1af718c,X-Men: First Class,movie,2011,0,0.0,0
69079f2cafa5e245b1af718d,The Hunger Games: Mockingjay - Part 2,movie,2015,0,0.0,0
69079f2cafa5e245b1af718e,The Sorcerer's Apprentice,movie,2010,0,0.0,0
69079f2cafa5e245b1af718f,Poseidon,movie,2006,0,0.0,0
69079f2cafa5e245b1af7190,Alice Through the Looking Glass,movie,2016,0,0.0,0
69079f2cafa5e245b1af7191,Shrek the Third,movie,2007,0,0.0,0
69079f2cafa5e245b1af7192,Warcraft,movie,2016,0,0.0,0
69079f2cafa5e245b1af7193,Terminator Genisys,movie,2015,0,0.0,0
69079f2cafa5e245b1af7194,The Chronicles of Narnia: The Voyage of the Dawn Treader,movie,2010,0,0.0,0
69079f2cafa5e245b1af7195,Pearl Harbor,movie,2001,0,0.0,0
69079f2cafa5e245b1af7196,Transformers,movie,2007,0,0.0,0
69079f2cafa5e245b1af7197,Alexander,movie,2004,0,0.0,0
69079f2cafa5e245b1af7198,Harry Potter and the Order of the Phoenix,movie,2007,0,0.0,0
69079f2cafa5e245b1af7199,Harry Potter and the Goblet of Fire,movie,2005,0,0.0,0
69079f2cafa5e245b1af719a,Hancock,movie,2008,0,0.0,0
69079f2cafa5e245b1af719b,I Am Legend,movie,2007,0,0.0,0
69079f2cafa5e245b1af719c,Charlie and the Chocolate Factory,movie,2005,0,0.0,0
69079f2cafa5e245b1af719d,Ratatouille,movie,2007,0,0.0,0
69079f2cafa5e245b1af719e,Batman Begins,movie,2005,0,0.0,0
69079f2cafa5e245b1af719f,Madagascar: Escape 2 Africa,movie,2008,0,0.0,0
69079f2cafa5e245b1af71a0,Night at the Museum: Battle of the Smithsonian,movie,2009,0,0.0,0
69079f2cafa5e245b1af71a1,X-Men Origins: Wolverine,movie,2009,0,0.0,0
69079f2cafa5e245b1af71a2,The Matrix Revolutions,movie,2003,0,0.0,0
69079f2cafa5e245b1af71a3,Frozen,movie,2013,0,0.0,0
69079f2cafa5e245b1af71a4,The Matrix Reloaded,movie,2003,0,0.0,0
69079f2cafa5e245b1af71a5,Thor: The Dark World,movie,2013,0,0.0,0
69079f2cafa5e245b1af71a6,Mad Max: Fury Road,movie,2015,0,0.0,0
69079f2cafa5e245b1af71a7,Angels & Demons,movie,2009,0,0.0,0
69079f2cafa5e245b1af71a8,Thor,movie,2011,0,0.0,0
69079f2cafa5e245b1af71a9,Bolt,movie,2008,0,0.0,0
69079f2cafa5e245b1af71aa,G-Force,movie,2009,0,0.0,0
69079f2cafa5e245b1af71ab,Wrath of the Titans,movie,2012,0,0.0,0
69079f2cafa5e245b1af71ac,Dark Shadows,movie,2012,0,0.0,0
69079f2cafa5e245b1af71ad,Mission: Impossible - Rogue Nation,movie,2015,0,0.0,0
69079f2cafa5e245b1af71ae,The Wolfman,movie,2010,0,0.0,0
69079f2cafa5e245b1af71af,Bee Movie,movie,2007,0,0.0,0
69079f2cafa5e245b1af71b0,Kung Fu Panda 2,movie,2011,0,0.0,0
69079f2cafa5e245b1af71b1,The Last Airbender,movie,2010,0,0.0,0
69079f2cafa5e245b1af71b2,Mission: Impossible III,movie,2006,0,0.0,0
69079f2cafa5e245b1af71b3,White House Down,movie,2013,0,0.0,0
69079f2cafa5e245b1af71b4,Mars Needs Moms,movie,2011,0,0.0,0
69079f2cafa5e245b1af71b5,Flushed Away,movie,2006,0,0.0,0
69079f2cafa5e245b1af71b6,Pan,movie,2015,0,0.0,0
69079f2cafa5e245b1af71b7,Mr. Peabody & Sherman,movie,2014,0,0.0,0
69079f2cafa5e245b1af71b8,Troy,movie,2004,0,0.0,0
69079f2cafa5e245b1af71b9,Madagascar 3: Europe's Most Wanted,movie,2012,0,0.0,0
69079f2cafa5e245b1af71ba,Die Another Day,movie,2002,0,0.0,0
69079f2cafa5e245b1af71bb,Ghostbusters,movie,2016,0,0.0,0
69079f2cafa5e245b1af71bc,Armageddon,movie,1998,0,0.0,0
69079f2cafa5e245b1af71bd,Men in Black II,movie,2002,0,0.0,0
69079f2cafa5e245b1af71be,Beowulf,movie,2007,0,0.0,0
69079f2cafa5e245b1af71bf,Kung Fu Panda 3,movie,2016,0,0.0,0
69079f2cafa5e245b1af71c0,Mission: Impossible - Ghost Protocol,movie,2011,0,0.0,0
69079f2cafa5e245b1af71c1,Rise of the Guardians,movie,2012,0,0.0,0
69079f2cafa5e245b1af71c2,Fun with Dick and Jane,movie,2005,0,0.0,0
69079f2cafa5e245b1af71c3,The Last Samurai,movie,2003,0,0.0,0
69079f2cafa5e245b1af71c4,Exodus: Gods and Kings,movie,2014,0,0.0,0
69079f2cafa5e245b1af71c5,Star Trek,movie,2009,0,0.0,0
69079f2cafa5e245b1af71c6,Spider-Man,movie,2002,0,0.0,0
69079f2cafa5e245b1af71c7,How to Train Your Dragon 2,movie,2014,0,0.0,0
69079f2cafa5e245b1af71c8,Gods of Egypt,movie,2016,0,0.0,0
69079f2cafa5e245b1af71c9,Stealth,movie,2005,0,0.0,0
69079f2cafa5e245b1af71ca,Watchmen,movie,2009,0,0.0,0
69079f2cafa5e245b1af71cb,Lethal Weapon 4,movie,1998,0,0.0,0
69079f2cafa5e245b1af71cc,Hulk,movie,2003,0,0.0,0
69079f2cafa5e245b1af71cd,G.I. Joe: Retaliation,movie,2013,0,0.0,0
69079f2cafa5e245b1af71ce,Sahara,movie,2005,0,0.0,0
69079f2cafa5e245b1af71cf,Final Fantasy: The Spirits Within,movie,2001,0,0.0,0
69079f2cafa5e245b1af71d0,Captain America: The First Avenger,movie,2011,0,0.0,0
69079f2cafa5e245b1af71d1,The World Is Not Enough,movie,1999,0,0.0,0
69079f2cafa5e245b1af71d2,Master and Commander: The Far Side of the World,movie,2003,0,0.0,0
69079f2cafa5e245b1af71d3,The Twilight Saga: Breaking Dawn - Part 2,movie,2012,0,0.0,0
69079f2cafa5e245b1af71d4,Happy Feet Two,movie,2011,0,0.0,0
69079f2cafa5e245b1af71d5,The Incredible Hulk,movie,2008,0,0.0,0
69079f2cafa5e245b1af71d6,The BFG,movie,2016,0,0.0,0
69079f2cafa5e245b1af71d7,The Revenant,movie,2015,0,0.0,0
69079f2cafa5e245b1af71d8,Turbo,movie,2013,0,0.0,0
69079f2cafa5e245b1af71d9,Rango,movie,2011,0,0.0,0
69079f2cafa5e245b1af71da,Penguins of Madagascar,movie,2014,0,0.0,0
69079f2cafa5e245b1af71db,The Bourne Ultimatum,movie,2007,0,0.0,0
69079f2cafa5e245b1af71dc,Kung Fu Panda,movie,2008,0,0.0,0
69079f2cafa5e245b1af71dd,Ant-Man,movie,2015,0,0.0,0
69079f2cafa5e245b1af71de,The Hunger Games: Catching Fire,movie,2013,0,0.0,0
69079f2cafa5e245b1af71df,Home,movie,2015,0,0.0,0
69079f2cafa5e245b1af71e0,War of the Worlds,movie,2005,0,0.0,0
69079f2cafa5e245b1af71e1,Bad Boys II,movie,2003,0,0.0,0
69079f2cafa5e245b1af71e2,Puss in Boots,movie,2011,0,0.0,0
69079f2cafa5e245b1af71e3,Salt,movie,2010,0,0.0,0
69079f2cafa5e245b1af71e4,Noah,movie,2014,0,0.0,0
69079f2cafa5e245b1af71e5,The Adventures of Tintin,movie,2011,0,0.0,0
69079f2cafa5e245b1af71e6,Harry Potter and the Prisoner of Azkaban,movie,2004,0,0.0,0
69079f2cafa5e245b1af71e7,Australia,movie,2008,0,0.0,0
69079f2cafa5e245b1af71e8,After Earth,movie,2013,0,0.0,0
69079f2cafa5e245b1af71e9,Dinosaur,movie,2000,0,0.0,0
69079f2cafa5e245b1af71ea,Night at the Museum: Secret of the Tomb,movie,2014,0,0.0,0
69079f2cafa5e245b1af71eb,Megamind,movie,2010,0,0.0,0
69079f2cafa5e245b1af71ec,Harry Potter and the Philosopher's Stone,movie,2001,0,0.0,0
69079f2cafa5e245b1af71ed,R.I.P.D.,movie,2013,0,0.0,0
69079f2cafa5e245b1af71ee,Pirates of the Caribbean: The Curse of the Black Pearl,movie,2003,0,0.0,0
69079f2cafa5e245b1af71ef,The Hunger Games: Mockingjay - Part 1,movie,2014,0,0.0,0
69079f2cafa5e245b1af71f0,The Da Vinci Code,movie,2006,0,0.0,0
69079f2cafa5e245b1af71f1,Rio 2,movie,2014,0,0.0,0
69079f2cafa5e245b1af71f2,X2,movie,2003,0,0.0,0
69079f2cafa5e245b1af71f3,Fast Five,movie,2011,0,0.0,0
69079f2cafa5e245b1af71f4,Sherlock Holmes: A Game of Shadows,movie,2011,0,0.0,0
69079f2cafa5e245b1af71f5,Clash of the Titans,movie,2010,0,0.0,0
69079f2cafa5e245b1af71f6,Total Recall,movie,1990,0,0.0,0
69079f2cafa5e245b1af71f7,The 13th Warrior,movie,1999,0,0.0,0
69079f2cafa5e245b1af71f8,The Bourne Legacy,movie,2012,0,0.0,0
69079f2cafa5e245b1af71f9,Batman & Robin,movie,1997,0,0.0,0
69079f2cafa5e245b1af71fa,How the Grinch Stole Christmas,movie,2000,0,0.0,0
69079f2cafa5e245b1af71fb,The Day After Tomorrow,movie,2004,0,0.0,0
69079f2cafa5e245b1af71fc,Mission: Impossible II,movie,2000,0,0.0,0
69079f2cafa5e245b1af71fd,The Perfect Storm,movie,2000,0,0.0,0
69079f2cafa5e245b1af71fe,Fantastic 4: Rise of the Silver Surfer,movie,2007,0,0.0,0
69079f2cafa5e245b1af71ff,Life of Pi,movie,2012,0,0.0,0
69079f2cafa5e245b1af7200,Ghost Rider,movie,2007,0,0.0,0
69079f2cafa5e245b1af7201,Jason Bourne,movie,2016,0,0.0,0
69079f2cafa5e245b1af7202,Charlie's Angels: Full Throttle,movie,2003,0,0.0,0
69079f2cafa5e245b1af7203,Prometheus,movie,2012,0,0.0,0
69079f2cafa5e245b1af7204,Stuart Little 2,movie,2002,0,0.0,0
69079f2cafa5e245b1af7205,Elysium,movie,2013,0,0.0,0
69079f2cafa5e245b1af7206,The Chronicles of Riddick,movie,2004,0,0.0,0
69079f2cafa5e245b1af7207,RoboCop,movie,2014,0,0.0,0
69079f2cafa5e245b1af7208,Speed Racer,movie,2008,0,0.0,0
69079f2cafa5e245b1af7209,How Do You Know,movie,2010,0,0.0,0
69079f2cafa5e245b1af720a,Knight and Day,movie,2010,0,0.0,0
69079f2cafa5e245b1af720b,Oblivion,movie,2013,0,0.0,0
69079f2cafa5e245b1af720c,Star Wars: Episode III - Revenge of the Sith,movie,2005,0,0.0,0
69079f2cafa5e245b1af720d,Star Wars: Episode II - Attack of the Clones,movie,2002,0,0.0,0
69079f2cafa5e245b1af720e,"Monsters, Inc.",movie,2001,0,0.0,0
69079f2cafa5e245b1af720f,The Wolverine,movie,2013,0,0.0,0
69079f2cafa5e245b1af7210,Star Wars: Episode I - The Phantom Menace,movie,1999,0,0.0,0
69079f2cafa5e245b1af7211,The Croods,movie,2013,0,0.0,0
69079f2cafa5e245b1af7212,Asterix at the Olympic Games,movie,2008,0,0.0,0
69079f2cafa5e245b1af7213,Windtalkers,movie,2002,0,0.0,0
69079f2cafa5e245b1af7214,The Huntsman: Winter's War,movie,2016,0,0.0,0
69079f2cafa5e245b1af7215,Teenage Mutant Ninja Turtles,movie,2014,0,0.0,0
69079f2cafa5e245b1af7216,Gravity,movie,2013,0,0.0,0
69079f2cafa5e245b1af7217,Dante's Peak,movie,1997,0,0.0,0
69079f2cafa5e245b1af7218,Teenage Mutant Ninja Turtles: Out of the Shadows,movie,2016,0,0.0,0
69079f2cafa5e245b1af7219,Fantastic Four,movie,2015,0,0.0,0
69079f2cafa5e245b1af721a,Night at the Museum,movie,2006,0,0.0,0
69079f2cafa5e245b1af721b,San Andreas,movie,2015,0,0.0,0
69079f2cafa5e245b1af721c,Tomorrow Never Dies,movie,1997,0,0.0,0
69079f2cafa5e245b1af721d,The Patriot,movie,2000,0,0.0,0
69079f2cafa5e245b1af721e,Ocean's Twelve,movie,2004,0,0.0,0
69079f2cafa5e245b1af721f,Mr. & Mrs. Smith,movie,2005,0,0.0,0
69079f2cafa5e245b1af7220,Insurgent,movie,2015,0,0.0,0
69079f2cafa5e245b1af7221,The Aviator,movie,2004,0,0.0,0
69079f2cafa5e245b1af7222,Gulliver's Travels,movie,2010,0,0.0,0
69079f2cafa5e245b1af7223,The Green Hornet,movie,2011,0,0.0,0
69079f2cafa5e245b1af7224,300: Rise of an Empire,movie,2014,0,0.0,0
69079f2cafa5e245b1af7225,The Smurfs,movie,2011,0,0.0,0
69079f2cafa5e245b1af7226,Home on the Range,movie,2004,0,0.0,0
69079f2cafa5e245b1af7227,Allegiant,movie,2016,0,0.0,0
69079f2cafa5e245b1af7228,Real Steel,movie,2011,0,0.0,0
69079f2cafa5e245b1af7229,The Smurfs 2,movie,2013,0,0.0,0
69079f2cafa5e245b1af722a,Speed 2: Cruise Control,movie,1997,0,0.0,0
69079f2cafa5e245b1af722b,Ender's Game,movie,2013,0,0.0,0
69079f2cafa5e245b1af722c,Live Free or Die Hard,movie,2007,0,0.0,0
69079f2cafa5e245b1af722d,The Lord of the Rings: The Fellowship of the Ring,movie,2001,0,0.0,0
69079f2cafa5e245b1af722e,Around the World in 80 Days,movie,2004,0,0.0,0
69079f2cafa5e245b1af722f,Ali,movie,2001,0,0.0,0
69079f2cafa5e245b1af7230,The Cat in the Hat,movie,2003,0,0.0,0
69079f2cafa5e245b1af7231,"I, Robot",movie,2004,0,0.0,0
69079f2cafa5e245b1af7232,Kingdom of Heaven,movie,2005,0,0.0,0
69079f2cafa5e245b1af7233,Stuart Little,movie,1999,0,0.0,0
69079f2cafa5e245b1af7234,The Princess and the Frog,movie,2009,0,0.0,0
69079f2cafa5e245b1af7235,The Martian,movie,2015,0,0.0,0
69079f2cafa5e245b1af7236,The Island,movie,2005,0,0.0,0
69079f2cafa5e245b1af7237,Town & Country,movie,2001,0,0.0,0
69079f2cafa5e245b1af7238,Gone in Sixty Seconds,movie,2000,0,0.0,0
69079f2cafa5e245b1af7239,Gladiator,movie,2000,0,0.0,0
69079f2cafa5e245b1af723a,Minority Report,movie,2002,0,0.0,0
69079f2cafa5e245b1af723b,Harry Potter and the Chamber of Secrets,movie,2002,0,0.0,0
69079f2cafa5e245b1af723c,Casino Royale,movie,2006,0,0.0,0
69079f2cafa5e245b1af723d,Planet of the Apes,movie,2001,0,0.0,0
69079f2cafa5e245b1af723e,Terminator 2: Judgment Day,movie,1991,0,0.0,0
69079f2cafa5e245b1af723f,Public Enemies,movie,2009,0,0.0,0
69079f2cafa5e245b1af7240,American Gangster,movie,2007,0,0.0,0
69079f2cafa5e245b1af7241,True Lies,movie,1994,0,0.0,0
69079f2cafa5e245b1af7242,The Taking of Pelham 1 2 3,movie,2009,0,0.0,0
69079f2cafa5e245b1af7243,Little Fockers,movie,2010,0,0.0,0
69079f2cafa5e245b1af7244,The Other Guys,movie,2010,0,0.0,0
69079f2cafa5e245b1af7245,Eraser,movie,1996,0,0.0,0
69079f2cafa5e245b1af7246,Django Unchained,movie,2012,1,5.0,1
69079f2cafa5e245b1af7247,The Hunchback of Notre Dame,movie,1996,0,0.0,0
69079f2cafa5e245b1af7248,The Emperor's New Groove,movie,2000,0,0.0,0
69079f2cafa5e245b1af7249,The Expendables 2,movie,2012,0,0.0,0
69079f2cafa5e245b1af724a,National Treasure,movie,2004,0,0.0,0
69079f2cafa5e245b1af724b,Eragon,movie,2006,0,0.0,0
69079f2cafa5e245b1af724c,Where the Wild Things Are,movie,2009,0,0.0,0
69079f2cafa5e245b1af724d,Epic,movie,2013,0,0.0,0
69079f2cafa5e245b1af724e,The Tourist,movie,2010,0,0.0,0
69079f2cafa5e245b1af724f,End of Days,movie,1999,0,0.0,0
69079f2cafa5e245b1af7250,Blood Diamond,movie,2006,0,0.0,0
69079f2cafa5e245b1af7251,The Wolf of Wall Street,movie,2013,0,0.0,0
69079f2cafa5e245b1af7252,Batman Forever,movie,1995,0,0.0,0
69079f2cafa5e245b1af7253,Starship Troopers,movie,1997,0,0.0,0
69079f2cafa5e245b1af7254,Cloud Atlas,movie,2012,0,0.0,0
69079f2cafa5e245b1af7255,Legend of the Guardians: The Owls of Ga'Hoole,movie,2010,0,0.0,0
69079f2cafa5e245b1af7256,Catwoman,movie,2004,0,0.0,0
69079f2cafa5e245b1af7257,Hercules,movie,2014,0,0.0,0
69079f2cafa5e245b1af7258,Treasure Planet,movie,2002,0,0.0,0
69079f2cafa5e245b1af7259,Land of the Lost,movie,2009,0,0.0,0
69079f2cafa5e245b1af725a,The Expendables 3,movie,2014,0,0.0,0
69079f2cafa5e245b1af725b,Point Break,movie,2015,0,0.0,0
69079f2cafa5e245b1af725c,Son of the Mask,movie,2005,0,0.0,0
69079f2cafa5e245b1af725d,In the Heart of the Sea,movie,2015,0,0.0,0
69079f2cafa5e245b1af725e,The Adventures of Pluto Nash,movie,2002,0,0.0,0
69079f2cafa5e245b1af725f,Green Zone,movie,2010,0,0.0,0
69079f2cafa5e245b1af7260,The Peanuts Movie,movie,2015,0,0.0,0
69079f2cafa5e245b1af7261,The Spanish Prisoner,movie,1997,0,0.0,0
69079f2cafa5e245b1af7262,The Mummy Returns,movie,2001,0,0.0,0
69079f2cafa5e245b1af7263,Gangs of New York,movie,2002,0,0.0,0
69079f2cafa5e245b1af7264,The Flowers of War,movie,2011,0,0.0,0
69079f2cafa5e245b1af7265,Surf's Up,movie,2007,0,0.0,0
69079f2cafa5e245b1af7266,The Stepford Wives,movie,2004,0,0.0,0
69079f2cafa5e245b1af7267,Black Hawk Down,movie,2001,0,0.0,0
69079f2cafa5e245b1af7268,The Campaign,movie,2012,0,0.0,0
69079f2cafa5e245b1af7269,The Fifth Element,movie,1997,0,0.0,0
69079f2cafa5e245b1af726a,Sex and the City 2,movie,2010,0,0.0,0
69079f2cafa5e245b1af726b,The Road to El Dorado,movie,2000,0,0.0,0
69079f2cafa5e245b1af726c,Ice Age: Continental Drift,movie,2012,0,0.0,0
69079f2cafa5e245b1af726d,Cinderella,movie,2015,0,0.0,0
69079f2cafa5e245b1af726e,The Lovely Bones,movie,2009,0,0.0,0
69079f2cafa5e245b1af726f,Finding Nemo,movie,2003,0,0.0,0
69079f2cafa5e245b1af7270,The Lord of the Rings: The Return of the King,movie,2003,0,0.0,0
69079f2cafa5e245b1af7271,The Lord of the Rings: The Two Towers,movie,2002,0,0.0,0
69079f2cafa5e245b1af7272,Seventh Son,movie,2014,0,0.0,0
69079f2cafa5e245b1af7273,Lara Croft: Tomb Raider,movie,2001,0,0.0,0
69079f2cafa5e245b1af7274,Transcendence,movie,2014,0,0.0,0
69079f2cafa5e245b1af7275,Jurassic Park III,movie,2001,0,0.0,0
69079f2cafa5e245b1af7276,Rise of the Planet of the Apes,movie,2011,0,0.0,0
69079f2cafa5e245b1af7277,The Spiderwick Chronicles,movie,2008,0,0.0,0
69079f2cafa5e245b1af7278,A Good Day to Die Hard,movie,2013,0,0.0,0
69079f2cafa5e245b1af7279,The Alamo,movie,2004,0,0.0,0
69079f2cafa5e245b1af727a,The Incredibles,movie,2004,0,0.0,0
69079f2cafa5e245b1af727b,Cutthroat Island,movie,1995,0,0.0,0
69079f2cafa5e245b1af727c,Percy Jackson & the Olympians: The Lightning Thief,movie,2010,0,0.0,0
69079f2cafa5e245b1af727d,Men in Black,movie,1997,0,0.0,0
69079f2cafa5e245b1af727e,Toy Story 2,movie,1999,0,0.0,0
69079f2cafa5e245b1af727f,Unstoppable,movie,2010,0,0.0,0
69079f2cafa5e245b1af7280,Rush Hour 2,movie,2001,0,0.0,0
69079f2cafa5e245b1af7281,What Lies Beneath,movie,2000,0,0.0,0
69079f2cafa5e245b1af7282,Cloudy with a Chance of Meatballs,movie,2009,0,0.0,0
69079f2cafa5e245b1af7283,Ice Age: Dawn of the Dinosaurs,movie,2009,0,0.0,0
69079f2cafa5e245b1af7284,The Secret Life of Walter Mitty,movie,2013,0,0.0,0
69079f2cafa5e245b1af7285,Charlie's Angels,movie,2000,0,0.0,0
69079f2cafa5e245b1af7286,The Departed,movie,2006,0,0.0,0
69079f2cafa5e245b1af7287,Mulan,movie,1998,0,0.0,0
69079f2cafa5e245b1af7288,Tropic Thunder,movie,2008,0,0.0,0
69079f2cafa5e245b1af7289,The Girl with the Dragon Tattoo,movie,2011,0,0.0,0
69079f2cafa5e245b1af728a,Die Hard: With a Vengeance,movie,1995,0,0.0,0
69079f2cafa5e245b1af728b,Sherlock Holmes,movie,2009,0,0.0,0
69079f2cafa5e245b1af728c,Ben-Hur,movie,2016,0,0.0,0
69079f2cafa5e245b1af728d,Atlantis: The Lost Empire,movie,2001,0,0.0,0
69079f2cafa5e245b1af728e,Alvin and the Chipmunks: The Road Chip,movie,2015,0,0.0,0
69079f2cafa5e245b1af728f,Valkyrie,movie,2008,0,0.0,0
69079f2cafa5e245b1af7290,You Don't Mess with the Zohan,movie,2008,0,0.0,0
69079f2cafa5e245b1af7291,Pixels,movie,2015,0,0.0,0
69079f2cafa5e245b1af7292,A.I. Artificial Intelligence,movie,2001,0,0.0,0
69079f2cafa5e245b1af7293,The Haunted Mansion,movie,2003,0,0.0,0
69079f2cafa5e245b1af7294,Contact,movie,1997,0,0.0,0
69079f2cafa5e245b1af7295,Hollow Man,movie,2000,0,0.0,0
69079f2cafa5e245b1af7296,The Interpreter,movie,2005,0,0.0,0
69079f2cafa5e245b1af7297,Percy Jackson: Sea of Monsters,movie,2013,0,0.0,0
69079f2cafa5e245b1af7298,Lara Croft Tomb Raider: The Cradle of Life,movie,2003,0,0.0,0
69079f2cafa5e245b1af7299,Now You See Me 2,movie,2016,0,0.0,0
69079f2cafa5e245b1af729a,The Saint,movie,1997,0,0.0,0
69079f2cafa5e245b1af729b,Spy Game,movie,2001,0,0.0,0
69079f2cafa5e245b1af729c,Mission to Mars,movie,2000,0,0.0,0
69079f2cafa5e245b1af729d,Rio,movie,2011,0,0.0,0
69079f2cafa5e245b1af729e,Bicentennial Man,movie,1999,0,0.0,0
69079f2cafa5e245b1af729f,Volcano,movie,1997,0,0.0,0
69079f2cafa5e245b1af72a0,The Devil's Own,movie,1997,0,0.0,0
69079f2cafa5e245b1af72a1,K-19: The Widowmaker,movie,2002,0,0.0,0
69079f2cafa5e245b1af72a2,Conan the Barbarian,movie,1982,0,0.0,0
69079f2cafa5e245b1af72a3,Cinderella Man,movie,2005,0,0.0,0
69079f2cafa5e245b1af72a4,The Nutcracker: The Untold Story,movie,2010,0,0.0,0
69079f2cafa5e245b1af72a5,Seabiscuit,movie,2003,0,0.0,0
69079f2cafa5e245b1af72a6,Twister,movie,1996,0,0.0,0
69079f2cafa5e245b1af72a7,Cast Away,movie,2000,0,0.0,0
69079f2cafa5e245b1af72a8,Happy Feet,movie,2006,0,0.0,0
69079f2cafa5e245b1af72a9,The Bourne Supremacy,movie,2004,0,0.0,0
69079f2cafa5e245b1af72aa,Air Force One,movie,1997,0,0.0,0
69079f2cafa5e245b1af72ab,Ocean's Eleven,movie,2001,0,0.0,0
69079f2cafa5e245b1af72ac,The Three Musketeers,movie,2011,0,0.0,0
69079f2cafa5e245b1af72ad,Hotel Transylvania,movie,2012,0,0.0,0
69079f2cafa5e245b1af72ae,Enchanted,movie,2007,0,0.0,0
69079f2cafa5e245b1af72af,Safe House,movie,2012,0,0.0,0
69079f2cafa5e245b1af72b0,102 Dalmatians,movie,2000,0,0.0,0
69079f2cafa5e245b1af72b1,Tower Heist,movie,2011,0,0.0,0
69079f2cafa5e245b1af72b2,The Holiday,movie,2006,0,0.0,0
69079f2cafa5e245b1af72b3,Enemy of the State,movie,1998,0,0.0,0
69079f2cafa5e245b1af72b4,It's Complicated,movie,2009,0,0.0,0
69079f2cafa5e245b1af72b5,Ocean's Thirteen,movie,2007,0,0.0,0
69079f2cafa5e245b1af72b6,Open Season,movie,2006,0,0.0,0
69079f2cafa5e245b1af72b7,Divergent,movie,2014,0,0.0,0
69079f2cafa5e245b1af72b8,Enemy at the Gates,movie,2001,0,0.0,0
69079f2cafa5e245b1af72b9,The Rundown,movie,2003,0,0.0,0
69079f2cafa5e245b1af72ba,Last Action Hero,movie,1993,0,0.0,0
69079f2cafa5e245b1af72bb,Memoirs of a Geisha,movie,2005,0,0.0,0
69079f2cafa5e245b1af72bc,The Fast and the Furious: Tokyo Drift,movie,2006,0,0.0,0
69079f2cafa5e245b1af72bd,Arthur Christmas,movie,2011,0,0.0,0
69079f2cafa5e245b1af72be,Meet Joe Black,movie,1998,0,0.0,0
69079f2cafa5e245b1af72bf,Collateral Damage,movie,2002,0,0.0,0
69079f2cafa5e245b1af72c0,All That Jazz,movie,1979,0,0.0,0
69079f2cafa5e245b1af72c1,Mirror Mirror,movie,2012,0,0.0,0
69079f2cafa5e245b1af72c2,Scott Pilgrim vs. the World,movie,2010,0,0.0,0
69079f2cafa5e245b1af72c3,The Core,movie,2003,0,0.0,0
69079f2cafa5e245b1af72c4,Nutty Professor II: The Klumps,movie,2000,0,0.0,0
69079f2cafa5e245b1af72c5,Scooby-Doo,movie,2002,0,0.0,0
69079f2cafa5e245b1af72c6,Dredd,movie,2012,0,0.0,0
69079f2cafa5e245b1af72c7,Click,movie,2006,0,0.0,0
69079f2cafa5e245b1af72c8,Creepshow,movie,1982,0,0.0,0
69079f2cafa5e245b1af72c9,Cats & Dogs 2 : The Revenge of Kitty Galore,movie,2010,0,0.0,0
69079f2cafa5e245b1af72ca,Jumper,movie,2008,0,0.0,0
69079f2cafa5e245b1af72cb,Hellboy II: The Golden Army,movie,2008,0,0.0,0
69079f2cafa5e245b1af72cc,Zodiac,movie,2007,0,0.0,0
69079f2cafa5e245b1af72cd,The 6th Day,movie,2000,0,0.0,0
69079f2cafa5e245b1af72ce,Bruce Almighty,movie,2003,0,0.0,0
69079f2cafa5e245b1af72cf,The Expendables,movie,2010,0,0.0,0
69079f2cafa5e245b1af72d0,Mission: Impossible,movie,1996,0,0.0,0
69079f2cafa5e245b1af72d1,The Hunger Games,movie,2012,0,0.0,0
69079f2cafa5e245b1af72d2,The Hangover Part II,movie,2011,0,0.0,0
69079f2cafa5e245b1af72d3,Batman Returns,movie,1992,0,0.0,0
69079f2cafa5e245b1af72d4,Over the Hedge,movie,2006,0,0.0,0
69079f2cafa5e245b1af72d5,Lilo & Stitch,movie,2002,0,0.0,0
69079f2cafa5e245b1af72d6,Charlotte's Web,movie,2006,0,0.0,0
69079f2cafa5e245b1af72d7,Deep Impact,movie,1998,0,0.0,0
69079f2cafa5e245b1af72d8,RED 2,movie,2013,0,0.0,0
69079f2cafa5e245b1af72d9,The Longest Yard,movie,2005,0,0.0,0
69079f2cafa5e245b1af72da,Alvin and the Chipmunks: Chipwrecked,movie,2011,0,0.0,0
69079f2cafa5e245b1af72db,Grown Ups 2,movie,2013,0,0.0,0
69079f2cafa5e245b1af72dc,Get Smart,movie,2008,0,0.0,0
69079f2cafa5e245b1af72dd,Something's Gotta Give,movie,2003,0,0.0,0
69079f2cafa5e245b1af72de,Shutter Island,movie,2010,0,0.0,0
69079f2cafa5e245b1af72df,Four Christmases,movie,2008,0,0.0,0
69079f2cafa5e245b1af72e0,Robots,movie,2005,0,0.0,0
69079f2cafa5e245b1af72e1,Face/Off,movie,1997,0,0.0,0
69079f2cafa5e245b1af72e2,Bedtime Stories,movie,2008,0,0.0,0
69079f2cafa5e245b1af72e3,Road to Perdition,movie,2002,0,0.0,0
69079f2cafa5e245b1af72e4,Just Go with It,movie,2011,0,0.0,0
69079f2cafa5e245b1af72e5,Con Air,movie,1997,0,0.0,0
69079f2cafa5e245b1af72e6,Eagle Eye,movie,2008,0,0.0,0
69079f2cafa5e245b1af72e7,Cold Mountain,movie,2003,0,0.0,0
69079f2cafa5e245b1af72e8,The Book of Eli,movie,2010,0,0.0,0
69079f2cafa5e245b1af72e9,Flubber,movie,1997,0,0.0,0
69079f2cafa5e245b1af72ea,The Haunting,movie,1999,0,0.0,0
69079f2cafa5e245b1af72eb,Space Jam,movie,1996,0,0.0,0
69079f2cafa5e245b1af72ec,The Pink Panther,movie,2006,0,0.0,0
69079f2cafa5e245b1af72ed,The Day the Earth Stood Still,movie,2008,0,0.0,0
69079f2cafa5e245b1af72ee,Conspiracy Theory,movie,1997,0,0.0,0
69079f2cafa5e245b1af72ef,Fury,movie,2014,0,0.0,0
69079f2cafa5e245b1af72f0,Six Days Seven Nights,movie,1998,0,0.0,0
69079f2cafa5e245b1af72f1,Yogi Bear,movie,2010,0,0.0,0
69079f2cafa5e245b1af72f2,Spirit: Stallion of the Cimarron,movie,2002,0,0.0,0
69079f2cafa5e245b1af72f3,Zookeeper,movie,2011,0,0.0,0
69079f2cafa5e245b1af72f4,Lost in Space,movie,1998,0,0.0,0
69079f2cafa5e245b1af72f5,The Manchurian Candidate,movie,2004,0,0.0,0
69079f2cafa5e245b1af72f6,Déjà Vu,movie,1998,0,0.0,0
69079f2cafa5e245b1af72f7,Hotel Transylvania 2,movie,2015,0,0.0,0
69079f2cafa5e245b1af72f8,Fantasia 2000,movie,1999,0,0.0,0
69079f2cafa5e245b1af72f9,The Time Machine,movie,2002,0,0.0,0
69079f2cafa5e245b1af72fa,Mighty Joe Young,movie,1998,0,0.0,0
69079f2cafa5e245b1af72fb,Swordfish,movie,2001,0,0.0,0
69079f2cafa5e245b1af72fc,The Legend of Zorro,movie,2005,0,0.0,0
69079f2cafa5e245b1af72fd,What Dreams May Come,movie,1998,0,0.0,0
69079f2cafa5e245b1af72fe,Little Nicky,movie,2000,0,0.0,0
69079f2cafa5e245b1af72ff,The Brothers Grimm,movie,2005,0,0.0,0
69079f2cafa5e245b1af7300,Mars Attacks!,movie,1996,0,0.0,0
69079f2cafa5e245b1af7301,Evolution,movie,2015,0,0.0,0
69079f2cafa5e245b1af7302,The Edge,movie,1997,0,0.0,0
69079f2cafa5e245b1af7303,Surrogates,movie,2009,0,0.0,0
69079f2cafa5e245b1af7304,Thirteen Days,movie,2000,0,0.0,0
69079f2cafa5e245b1af7305,Daylight,movie,1996,0,0.0,0
69079f2cafa5e245b1af7306,Walking With Dinosaurs,movie,2013,0,0.0,0
69079f2cafa5e245b1af7307,Battlefield Earth,movie,2000,0,0.0,0
69079f2cafa5e245b1af7308,Looney Tunes: Back in Action,movie,2003,0,0.0,0
69079f2cafa5e245b1af7309,Nine,movie,2009,0,0.0,0
69079f2cafa5e245b1af730a,Timeline,movie,2003,0,0.0,0
69079f2cafa5e245b1af730b,The Postman,movie,1997,0,0.0,0
69079f2cafa5e245b1af730c,Babe: Pig in the City,movie,1998,0,0.0,0
69079f2cafa5e245b1af730d,The Last Witch Hunter,movie,2015,0,0.0,0
69079f2cafa5e245b1af730e,Red Planet,movie,2000,0,0.0,0
69079f2cafa5e245b1af730f,Arthur and the Invisibles,movie,2006,0,0.0,0
69079f2cafa5e245b1af7310,Oceans,movie,2009,0,0.0,0
69079f2cafa5e245b1af7311,A Sound of Thunder,movie,2005,0,0.0,0
69079f2cafa5e245b1af7312,Pompeii,movie,2014,0,0.0,0
69079f2cafa5e245b1af7313,Top Cat Begins,movie,2015,0,0.0,0
69079f2cafa5e245b1af7314,A Beautiful Mind,movie,2001,0,0.0,0
69079f2cafa5e245b1af7315,The Lion King,movie,1994,0,0.0,0
69079f2cafa5e245b1af7316,Journey 2: The Mysterious Island,movie,2012,0,0.0,0
69079f2cafa5e245b1af7317,Cloudy with a Chance of Meatballs 2,movie,2013,0,0.0,0
69079f2cafa5e245b1af7318,Red Dragon,movie,2002,0,0.0,0
69079f2cafa5e245b1af7319,Hidalgo,movie,2004,0,0.0,0
69079f2cafa5e245b1af731a,Jack and Jill,movie,2011,0,0.0,0
69079f2cafa5e245b1af731b,2 Fast 2 Furious,movie,2003,0,0.0,0
69079f2cafa5e245b1af731c,The Little Prince,movie,2015,0,0.0,0
69079f2cafa5e245b1af731d,The Invasion,movie,2007,0,0.0,0
69079f2cafa5e245b1af731e,The Adventures of Rocky & Bullwinkle,movie,2000,0,0.0,0
69079f2cafa5e245b1af731f,The Secret Life of Pets,movie,2016,0,0.0,0
69079f2cafa5e245b1af7320,The League of Extraordinary Gentlemen,movie,2003,0,0.0,0
69079f2cafa5e245b1af7321,Despicable Me 2,movie,2013,0,0.0,0
69079f2cafa5e245b1af7322,Independence Day,movie,1996,0,0.0,0
69079f2cafa5e245b1af7323,The Lost World: Jurassic Park,movie,1997,0,0.0,0
69079f2cafa5e245b1af7324,Madagascar,movie,2005,0,0.0,0
69079f2cafa5e245b1af7325,Children of Men,movie,2006,0,0.0,0
69079f2cafa5e245b1af7326,X-Men,movie,2000,0,0.0,0
69079f2cafa5e245b1af7327,Wanted,movie,2008,0,0.0,0
69079f2cafa5e245b1af7328,The Rock,movie,1996,0,0.0,0
69079f2cafa5e245b1af7329,Ice Age: The Meltdown,movie,2006,0,0.0,0
69079f2cafa5e245b1af732a,50 First Dates,movie,2004,0,0.0,0
69079f2cafa5e245b1af732b,Hairspray,movie,2007,0,0.0,0
69079f2cafa5e245b1af732c,Exorcist: The Beginning,movie,2004,0,0.0,0
69079f2cafa5e245b1af732d,Inspector Gadget,movie,1999,0,0.0,0
69079f2cafa5e245b1af732e,Now You See Me,movie,2013,0,0.0,0
69079f2cafa5e245b1af732f,Grown Ups,movie,2010,0,0.0,0
69079f2cafa5e245b1af7330,The Terminal,movie,2004,0,0.0,0
69079f2cafa5e245b1af7331,Hotel for Dogs,movie,2009,0,0.0,0
69079f2cafa5e245b1af7332,Vertical Limit,movie,2000,0,0.0,0
69079f2cafa5e245b1af7333,Charlie Wilson's War,movie,2007,0,0.0,0
69079f2cafa5e245b1af7334,Shark Tale,movie,2004,0,0.0,0
69079f2cafa5e245b1af7335,Dreamgirls,movie,2006,0,0.0,0
69079f2cafa5e245b1af7336,Be Cool,movie,2005,0,0.0,0
69079f2cafa5e245b1af7337,Munich,movie,2005,0,0.0,0
69079f2cafa5e245b1af7338,Tears of the Sun,movie,2003,0,0.0,0
69079f2cafa5e245b1af7339,Killers,movie,2010,0,0.0,0
69079f2cafa5e245b1af733a,The Man from U.N.C.L.E.,movie,2015,0,0.0,0
69079f2cafa5e245b1af733b,Spanglish,movie,2004,0,0.0,0
69079f2cafa5e245b1af733c,Monster House,movie,2006,0,0.0,0
69079f2cafa5e245b1af733d,Bandits,movie,2001,0,0.0,0
69079f2cafa5e245b1af733e,First Knight,movie,1995,0,0.0,0
69079f2cafa5e245b1af733f,Anna and the King,movie,1999,0,0.0,0
69079f2cafa5e245b1af7340,Immortals,movie,2011,0,0.0,0
69079f2cafa5e245b1af7341,Hostage,movie,2005,0,0.0,0
69079f2cafa5e245b1af7342,Titan A.E.,movie,2000,0,0.0,0
69079f2cafa5e245b1af7343,Hollywood Homicide,movie,2003,0,0.0,0
69079f2cafa5e245b1af7344,Soldier,movie,1998,0,0.0,0
69079f2cafa5e245b1af7345,Carriers,movie,2009,0,0.0,0
69079f2cafa5e245b1af7346,Monkeybone,movie,2001,0,0.0,0
69079f2cafa5e245b1af7347,Flight of the Phoenix,movie,2004,0,0.0,0
69079f2cafa5e245b1af7348,Unbreakable,movie,2000,0,0.0,0
69079f2cafa5e245b1af7349,Minions,movie,2015,0,0.0,0
69079f2cafa5e245b1af734a,Sucker Punch,movie,2011,0,0.0,0
69079f2cafa5e245b1af734b,Snake Eyes,movie,1998,0,0.0,0
69079f2cafa5e245b1af734c,Sphere,movie,1998,0,0.0,0
69079f2cafa5e245b1af734d,The Angry Birds Movie,movie,2016,0,0.0,0
69079f2cafa5e245b1af734e,Fool's Gold,movie,2008,0,0.0,0
69079f2cafa5e245b1af734f,Funny People,movie,2009,0,0.0,0
69079f2cafa5e245b1af7350,The Kingdom,movie,2007,0,0.0,0
69079f2cafa5e245b1af7351,Talladega Nights: The Ballad of Ricky Bobby,movie,2006,0,0.0,0
69079f2cafa5e245b1af7352,Dr. Dolittle 2,movie,2001,0,0.0,0
69079f2cafa5e245b1af7353,Braveheart,movie,1995,0,0.0,0
69079f2cafa5e245b1af7354,Jarhead,movie,2005,0,0.0,0
69079f2cafa5e245b1af7355,The Simpsons Movie,movie,2007,0,0.0,0
69079f2cafa5e245b1af7356,The Majestic,movie,2001,0,0.0,0
69079f2cafa5e245b1af7357,Driven,movie,2001,0,0.0,0
69079f2cafa5e245b1af7358,Two Brothers,movie,2004,0,0.0,0
69079f2cafa5e245b1af7359,The Village,movie,2004,0,0.0,0
69079f2cafa5e245b1af735a,Doctor Dolittle,movie,1998,0,0.0,0
69079f2cafa5e245b1af735b,Signs,movie,2002,0,0.0,0
69079f2cafa5e245b1af735c,Shrek 2,movie,2004,0,0.0,0
69079f2cafa5e245b1af735d,Cars,movie,2006,0,0.0,0
69079f2cafa5e245b1af735e,Runaway Bride,movie,1999,0,0.0,0
69079f2cafa5e245b1af735f,xXx,movie,2002,0,0.0,0
69079f2cafa5e245b1af7360,The SpongeBob Movie: Sponge Out of Water,movie,2015,0,0.0,0
69079f2cafa5e245b1af7361,Ransom,movie,1996,0,0.0,0
69079f2cafa5e245b1af7362,Inglourious Basterds,movie,2009,0,0.0,0
69079f2cafa5e245b1af7363,Hook,movie,1991,0,0.0,0
69079f2cafa5e245b1af7364,Die Hard 2,movie,1990,0,0.0,0
69079f2cafa5e245b1af7365,S.W.A.T.,movie,2003,0,0.0,0
69079f2cafa5e245b1af7366,Vanilla Sky,movie,2001,0,0.0,0
69079f2cafa5e245b1af7367,Lady in the Water,movie,2006,0,0.0,0
69079f2cafa5e245b1af7368,AVP: Alien vs. Predator,movie,2004,0,0.0,0
69079f2cafa5e245b1af7369,Alvin and the Chipmunks: The Squeakquel,movie,2009,0,0.0,0
69079f2cafa5e245b1af736a,We Were Soldiers,movie,2002,0,0.0,0
69079f2cafa5e245b1af736b,Olympus Has Fallen,movie,2013,0,0.0,0
69079f2cafa5e245b1af736c,Star Trek: Insurrection,movie,1998,0,0.0,0
69079f2cafa5e245b1af736d,Battle: Los Angeles,movie,2011,0,0.0,0
69079f2cafa5e245b1af736e,Big Fish,movie,2003,0,0.0,0
69079f2cafa5e245b1af736f,Wolf,movie,1994,0,0.0,0
69079f2cafa5e245b1af7370,War Horse,movie,2011,0,0.0,0
69079f2cafa5e245b1af7371,The Monuments Men,movie,2014,0,0.0,0
69079f2cafa5e245b1af7372,The Abyss,movie,1989,0,0.0,0
69079f2cafa5e245b1af7373,Wall Street: Money Never Sleeps,movie,2010,0,0.0,0
69079f2cafa5e245b1af7374,Dracula Untold,movie,2014,0,0.0,0
69079f2cafa5e245b1af7375,The Siege,movie,1998,0,0.0,0
69079f2cafa5e245b1af7376,Stardust,movie,2007,0,0.0,0
69079f2cafa5e245b1af7377,Seven Years in Tibet,movie,1997,0,0.0,0
69079f2cafa5e245b1af7378,The Dilemma,movie,2011,0,0.0,0
69079f2cafa5e245b1af7379,Bad Company,movie,2002,0,0.0,0
69079f2cafa5e245b1af737a,Doom,movie,2005,0,0.0,0
69079f2cafa5e245b1af737b,I Spy,movie,2002,0,0.0,0
69079f2cafa5e245b1af737c,Underworld: Awakening,movie,2012,0,0.0,0
69079f2cafa5e245b1af737d,Rock of Ages,movie,2012,0,0.0,0
69079f2cafa5e245b1af737e,Hart's War,movie,2002,0,0.0,0
69079f2cafa5e245b1af737f,Killer Elite,movie,2011,0,0.0,0
69079f2cafa5e245b1af7380,Rollerball,movie,2002,0,0.0,0
69079f2cafa5e245b1af7381,Ballistic: Ecks vs. Sever,movie,2002,0,0.0,0
69079f2cafa5e245b1af7382,Hard Rain,movie,1998,0,0.0,0
69079f2cafa5e245b1af7383,Osmosis Jones,movie,2001,0,0.0,0
69079f2cafa5e245b1af7384,Legends of Oz: Dorothy's Return,movie,2013,0,0.0,0
69079f2cafa5e245b1af7385,Blackhat,movie,2015,0,0.0,0
69079f2cafa5e245b1af7386,Sky Captain and the World of Tomorrow,movie,2004,0,0.0,0
69079f2cafa5e245b1af7387,Basic Instinct 2,movie,2006,0,0.0,0
69079f2cafa5e245b1af7388,Escape Plan,movie,2013,0,0.0,0
69079f2cafa5e245b1af7389,The Legend of Hercules,movie,2014,0,0.0,0
69079f2cafa5e245b1af738a,The Sum of All Fears,movie,2002,0,0.0,0
69079f2cafa5e245b1af738b,The Twilight Saga: Eclipse,movie,2010,0,0.0,0
69079f2cafa5e245b1af738c,The Score,movie,2001,0,0.0,0
69079f2cafa5e245b1af738d,Despicable Me,movie,2010,0,0.0,0
69079f2cafa5e245b1af738e,Money Train,movie,1995,0,0.0,0
69079f2cafa5e245b1af738f,Ted 2,movie,2015,0,0.0,0
69079f2cafa5e245b1af7390,Agora,movie,2009,0,0.0,0
69079f2cafa5e245b1af7391,Mystery Men,movie,1999,0,0.0,0
69079f2cafa5e245b1af7392,Hall Pass,movie,2011,0,0.0,0
69079f2cafa5e245b1af7393,The Insider,movie,1999,0,0.0,0
69079f2cafa5e245b1af7394,The Finest Hours,movie,2016,0,0.0,0
69079f2cafa5e245b1af7395,Body of Lies,movie,2008,0,0.0,0
69079f2cafa5e245b1af7396,Dinner for Schmucks,movie,2010,0,0.0,0
69079f2cafa5e245b1af7397,Abraham Lincoln: Vampire Hunter,movie,2012,0,0.0,0
69079f2cafa5e245b1af7398,Entrapment,movie,1999,0,0.0,0
69079f2cafa5e245b1af7399,The X Files,movie,1998,0,0.0,0
69079f2cafa5e245b1af739a,The Last Legion,movie,2007,0,0.0,0
69079f2cafa5e245b1af739b,Saving Private Ryan,movie,1998,0,0.0,0
69079f2cafa5e245b1af739c,Need for Speed,movie,2014,0,0.0,0
69079f2cafa5e245b1af739d,What Women Want,movie,2000,0,0.0,0
69079f2cafa5e245b1af739e,Ice Age,movie,2002,0,0.0,0
69079f2cafa5e245b1af739f,Dreamcatcher,movie,2003,0,0.0,0
69079f2cafa5e245b1af73a0,Lincoln,movie,2012,0,0.0,0
69079f2cafa5e245b1af73a1,The Matrix,movie,1999,0,0.0,0
69079f2cafa5e245b1af73a2,Apollo 13,movie,1995,0,0.0,0
69079f2cafa5e245b1af73a3,The Santa Clause 2,movie,2002,0,0.0,0
69079f2cafa5e245b1af73a4,Les Misérables,movie,2012,0,0.0,0
69079f2cafa5e245b1af73a5,You've Got Mail,movie,1998,0,0.0,0
69079f2cafa5e245b1af73a6,Step Brothers,movie,2008,0,0.0,0
69079f2cafa5e245b1af73a7,The Mask of Zorro,movie,1998,0,0.0,0
69079f2cafa5e245b1af73a8,Due Date,movie,2010,0,0.0,0
69079f2cafa5e245b1af73a9,Unbroken,movie,2014,0,0.0,0
69079f2cafa5e245b1af73aa,Space Cowboys,movie,2000,0,0.0,0
69079f2cafa5e245b1af73ab,Cliffhanger,movie,1993,0,0.0,0
69079f2cafa5e245b1af73ac,Broken Arrow,movie,1996,0,0.0,0
69079f2cafa5e245b1af73ad,The Kid,movie,2000,0,0.0,0
69079f2cafa5e245b1af73ae,World Trade Center,movie,2006,0,0.0,0
69079f2cafa5e245b1af73af,Mona Lisa Smile,movie,2003,0,0.0,0
69079f2cafa5e245b1af73b0,The Dictator,movie,2012,0,0.0,0
69079f2cafa5e245b1af73b1,Eyes Wide Shut,movie,1999,0,0.0,0
69079f2cafa5e245b1af73b2,Annie,movie,2014,0,0.0,0
69079f2cafa5e245b1af73b3,Focus,movie,2015,0,0.0,0
69079f2cafa5e245b1af73b4,This Means War,movie,2012,0,0.0,0
69079f2cafa5e245b1af73b5,Blade: Trinity,movie,2004,0,0.0,0
69079f2cafa5e245b1af73b6,Red Dawn,movie,1984,0,0.0,0
69079f2cafa5e245b1af73b7,Primary Colors,movie,1998,0,0.0,0
69079f2cafa5e245b1af73b8,Resident Evil: Retribution,movie,2012,0,0.0,0
69079f2cafa5e245b1af73b9,Death Race,movie,2008,0,0.0,0
69079f2cafa5e245b1af73ba,The Long Kiss Goodnight,movie,1996,0,0.0,0
69079f2cafa5e245b1af73bb,Proof of Life,movie,2000,0,0.0,0
69079f2cafa5e245b1af73bc,Zathura: A Space Adventure,movie,2005,0,0.0,0
69079f2cafa5e245b1af73bd,Fight Club,movie,1999,1,5.0,1
69079f2cafa5e245b1af73be,We Are Marshall,movie,2006,0,0.0,0
69079f2cafa5e245b1af73bf,Hudson Hawk,movie,1991,0,0.0,0
69079f2cafa5e245b1af73c0,Lucky Numbers,movie,2000,0,0.0,0
69079f2cafa5e245b1af73c1,"I, Frankenstein",movie,2014,0,0.0,0
69079f2cafa5e245b1af73c2,Oliver Twist,movie,2005,0,0.0,0
69079f2cafa5e245b1af73c3,Elektra,movie,2005,0,0.0,0
69079f2cafa5e245b1af73c4,Sin City: A Dame to Kill For,movie,2014,0,0.0,0
69079f2cafa5e245b1af73c5,Random Hearts,movie,1999,0,0.0,0
69079f2cafa5e245b1af73c6,Everest,movie,2015,0,0.0,0
69079f2cafa5e245b1af73c7,Perfume: The Story of a Murderer,movie,2006,0,0.0,0
69079f2cafa5e245b1af73c8,Austin Powers in Goldmember,movie,2002,0,0.0,0
69079f2cafa5e245b1af73c9,Astro Boy,movie,2009,0,0.0,0
69079f2cafa5e245b1af73ca,Jurassic Park,movie,1993,0,0.0,0
69079f2cafa5e245b1af73cb,Wyatt Earp,movie,1994,0,0.0,0
69079f2cafa5e245b1af73cc,Clear and Present Danger,movie,1994,0,0.0,0
69079f2cafa5e245b1af73cd,Dragon Blade,movie,2015,0,0.0,0
69079f2cafa5e245b1af73ce,Little Man,movie,2006,0,0.0,0
69079f2cafa5e245b1af73cf,U-571,movie,2000,0,0.0,0
69079f2cafa5e245b1af73d0,The American President,movie,1995,0,0.0,0
69079f2cafa5e245b1af73d1,The Love Guru,movie,2008,0,0.0,0
69079f2cafa5e245b1af73d2,3000 Miles to Graceland,movie,2001,0,0.0,0
69079f2cafa5e245b1af73d3,The Hateful Eight,movie,2015,0,0.0,0
69079f2cafa5e245b1af73d4,Blades of Glory,movie,2007,0,0.0,0
69079f2cafa5e245b1af73d5,Hop,movie,2011,0,0.0,0
69079f2cafa5e245b1af73d6,300,movie,2006,0,0.0,0
69079f2cafa5e245b1af73d7,Meet the Fockers,movie,2004,0,0.0,0
69079f2cafa5e245b1af73d8,Marley & Me,movie,2008,0,0.0,0
69079f2cafa5e245b1af73d9,The Green Mile,movie,1999,1,5.0,1
69079f2cafa5e245b1af73da,Wild Hogs,movie,2007,0,0.0,0
69079f2cafa5e245b1af73db,Chicken Little,movie,2005,0,0.0,0
69079f2cafa5e245b1af73dc,Gone Girl,movie,2014,0,0.0,0
69079f2cafa5e245b1af73dd,The Bourne Identity,movie,2002,0,0.0,0
69079f2cafa5e245b1af73de,GoldenEye,movie,1995,0,0.0,0
69079f2cafa5e245b1af73df,The General's Daughter,movie,1999,0,0.0,0
69079f2cafa5e245b1af73e0,The Truman Show,movie,1998,0,0.0,0
69079f2cafa5e245b1af73e1,The Prince of Egypt,movie,1998,0,0.0,0
69079f2cafa5e245b1af73e2,Daddy Day Care,movie,2003,0,0.0,0
69079f2cafa5e245b1af73e3,2 Guns,movie,2013,0,0.0,0
69079f2cafa5e245b1af73e4,Cats & Dogs,movie,2001,0,0.0,0
69079f2cafa5e245b1af73e5,The Italian Job,movie,2003,0,0.0,0
69079f2cafa5e245b1af73e6,Two Weeks Notice,movie,2002,0,0.0,0
69079f2cafa5e245b1af73e7,Antz,movie,1998,0,0.0,0
69079f2cafa5e245b1af73e8,Couples Retreat,movie,2009,0,0.0,0
69079f2cafa5e245b1af73e9,Days of Thunder,movie,1990,0,0.0,0
69079f2cafa5e245b1af73ea,Cheaper by the Dozen 2,movie,2005,0,0.0,0
69079f2cafa5e245b1af73eb,Maze Runner: The Scorch Trials,movie,2015,0,0.0,0
69079f2cafa5e245b1af73ec,Eat Pray Love,movie,2010,0,0.0,0
69079f2cafa5e245b1af73ed,The Family Man,movie,2000,0,0.0,0
69079f2cafa5e245b1af73ee,RED,movie,2010,0,0.0,0
69079f2cafa5e245b1af73ef,Any Given Sunday,movie,1999,0,0.0,0
69079f2cafa5e245b1af73f0,The Horse Whisperer,movie,1998,0,0.0,0
69079f2cafa5e245b1af73f1,Collateral,movie,2004,0,0.0,0
69079f2cafa5e245b1af73f2,The Scorpion King,movie,2002,0,0.0,0
69079f2cafa5e245b1af73f3,Ladder 49,movie,2004,0,0.0,0
69079f2cafa5e245b1af73f4,Jack Reacher,movie,2012,0,0.0,0
69079f2cafa5e245b1af73f5,Deep Blue Sea,movie,1999,0,0.0,0
69079f2cafa5e245b1af73f6,This Is It,movie,2009,0,0.0,0
69079f2cafa5e245b1af73f7,Contagion,movie,2011,0,0.0,0
69079f2cafa5e245b1af73f8,Kangaroo Jack,movie,2003,0,0.0,0
69079f2cafa5e245b1af73f9,Coraline,movie,2009,0,0.0,0
69079f2cafa5e245b1af73fa,The Happening,movie,2008,0,0.0,0
69079f2cafa5e245b1af73fb,Man on Fire,movie,2004,0,0.0,0
69079f2cafa5e245b1af73fc,The Shaggy Dog,movie,2006,0,0.0,0
69079f2cafa5e245b1af73fd,Starsky & Hutch,movie,2004,0,0.0,0
69079f2cafa5e245b1af73fe,Jingle All the Way,movie,1996,0,0.0,0
69079f2cafa5e245b1af73ff,Hellboy,movie,2004,0,0.0,0
69079f2cafa5e245b1af7400,A Civil Action,movie,1998,0,0.0,0
69079f2cafa5e245b1af7401,ParaNorman,movie,2012,0,0.0,0
69079f2cafa5e245b1af7402,The Jackal,movie,1997,0,0.0,0
69079f2cafa5e245b1af7403,Paycheck,movie,2003,0,0.0,0
69079f2cafa5e245b1af7404,Up Close & Personal,movie,1996,0,0.0,0
69079f2cafa5e245b1af7405,The Tale of Despereaux,movie,2008,0,0.0,0
69079f2cafa5e245b1af7406,The Tuxedo,movie,2002,0,0.0,0
69079f2cafa5e245b1af7407,Under Siege 2: Dark Territory,movie,1995,0,0.0,0
69079f2cafa5e245b1af7408,Jack Ryan: Shadow Recruit,movie,2014,0,0.0,0
69079f2cafa5e245b1af7409,Joy,movie,2015,0,0.0,0
69079f2cafa5e245b1af740a,London Has Fallen,movie,2016,0,0.0,0
69079f2cafa5e245b1af740b,Alien: Resurrection,movie,1997,0,0.0,0
69079f2cafa5e245b1af740c,Shooter,movie,2007,0,0.0,0
69079f2cafa5e245b1af740d,The Boxtrolls,movie,2014,0,0.0,0
69079f2cafa5e245b1af740e,Practical Magic,movie,1998,0,0.0,0
69079f2cafa5e245b1af740f,The Lego Movie,movie,2014,0,0.0,0
69079f2cafa5e245b1af7410,Miss Congeniality 2: Armed and Fabulous,movie,2005,0,0.0,0
69079f2cafa5e245b1af7411,Reign of Fire,movie,2002,0,0.0,0
69079f2cafa5e245b1af7412,Gangster Squad,movie,2013,0,0.0,0
69079f2cafa5e245b1af7413,Year One,movie,2009,0,0.0,0
69079f2cafa5e245b1af7414,Invictus,movie,2009,0,0.0,0
69079f2cafa5e245b1af7415,State of Play,movie,2009,0,0.0,0
69079f2cafa5e245b1af7416,Duplicity,movie,2009,0,0.0,0
69079f2cafa5e245b1af7417,My Favorite Martian,movie,1999,0,0.0,0
69079f2cafa5e245b1af7418,The Sentinel,movie,2006,0,0.0,0
69079f2cafa5e245b1af7419,Planet 51,movie,2009,0,0.0,0
69079f2cafa5e245b1af741a,Star Trek: Nemesis,movie,2002,0,0.0,0
69079f2cafa5e245b1af741b,Intolerable Cruelty,movie,2003,0,0.0,0
69079f2cafa5e245b1af741c,Trouble with the Curve,movie,2012,0,0.0,0
69079f2cafa5e245b1af741d,Edge of Darkness,movie,2010,0,0.0,0
69079f2cafa5e245b1af741e,The Relic,movie,1997,0,0.0,0
69079f2cafa5e245b1af741f,Analyze That,movie,2002,0,0.0,0
69079f2cafa5e245b1af7420,Righteous Kill,movie,2008,0,0.0,0
69079f2cafa5e245b1af7421,Mercury Rising,movie,1998,0,0.0,0
69079f2cafa5e245b1af7422,The Soloist,movie,2009,0,0.0,0
69079f2cafa5e245b1af7423,The Legend of Bagger Vance,movie,2000,0,0.0,0
69079f2cafa5e245b1af7424,Almost Famous,movie,2000,0,0.0,0
69079f2cafa5e245b1af7425,Garfield: A Tail of Two Kitties,movie,2006,0,0.0,0
69079f2cafa5e245b1af7426,xXx: State of the Union,movie,2005,0,0.0,0
69079f2cafa5e245b1af7427,Priest,movie,2011,0,0.0,0
69079f2cafa5e245b1af7428,Sinbad: Legend of the Seven Seas,movie,2003,0,0.0,0
69079f2cafa5e245b1af7429,Event Horizon,movie,1997,0,0.0,0
69079f2cafa5e245b1af742a,Dragonfly,movie,2002,0,0.0,0
69079f2cafa5e245b1af742b,The Black Dahlia,movie,2006,0,0.0,0
69079f2cafa5e245b1af742c,Flyboys,movie,2006,0,0.0,0
69079f2cafa5e245b1af742d,The Last Castle,movie,2001,0,0.0,0
69079f2cafa5e245b1af742e,Supernova,movie,2000,0,0.0,0
69079f2cafa5e245b1af742f,Winter's Tale,movie,2014,0,0.0,0
69079f2cafa5e245b1af7430,The Mortal Instruments: City of Bones,movie,2013,0,0.0,0
69079f2cafa5e245b1af7431,Meet Dave,movie,2008,0,0.0,0
69079f2cafa5e245b1af7432,Dark Water,movie,2005,0,0.0,0
69079f2cafa5e245b1af7433,Edtv,movie,1999,0,0.0,0
69079f2cafa5e245b1af7434,Inkheart,movie,2008,0,0.0,0
69079f2cafa5e245b1af7435,The Spirit,movie,2008,0,0.0,0
69079f2cafa5e245b1af7436,Mortdecai,movie,2015,0,0.0,0
69079f2cafa5e245b1af7437,In the Name of the King: A Dungeon Siege Tale,movie,2007,0,0.0,0
69079f2cafa5e245b1af7438,Beyond Borders,movie,2003,0,0.0,0
69079f2cafa5e245b1af7439,The Monkey King 2,movie,2016,0,0.0,0
69079f2cafa5e245b1af743a,The Great Raid,movie,2005,0,0.0,0
69079f2cafa5e245b1af743b,Deadpool,movie,2016,0,0.0,0
69079f2cafa5e245b1af743c,Holy Man,movie,1998,0,0.0,0
69079f2cafa5e245b1af743d,American Sniper,movie,2014,0,0.0,0
69079f2cafa5e245b1af743e,Goosebumps,movie,2015,0,0.0,0
69079f2cafa5e245b1af743f,Just Like Heaven,movie,2005,0,0.0,0
69079f2cafa5e245b1af7440,The Flintstones in Viva Rock Vegas,movie,2000,0,0.0,0
69079f2cafa5e245b1af7441,Rambo III,movie,1988,0,0.0,0
69079f2cafa5e245b1af7442,Leatherheads,movie,2008,0,0.0,0
69079f2cafa5e245b1af7443,The Ridiculous 6,movie,2015,0,0.0,0
69079f2cafa5e245b1af7444,Did You Hear About the Morgans?,movie,2009,0,0.0,0
69079f2cafa5e245b1af7445,The Internship,movie,2013,0,0.0,0
69079f2cafa5e245b1af7446,Resident Evil: Afterlife,movie,2010,0,0.0,0
69079f2cafa5e245b1af7447,Red Tails,movie,2012,0,0.0,0
69079f2cafa5e245b1af7448,The Devil's Advocate,movie,1997,0,0.0,0
69079f2cafa5e245b1af7449,That's My Boy,movie,2012,0,0.0,0
69079f2cafa5e245b1af744a,DragonHeart,movie,1996,0,0.0,0
69079f2cafa5e245b1af744b,After the Sunset,movie,2004,0,0.0,0
69079f2cafa5e245b1af744c,Ghost Rider: Spirit of Vengeance,movie,2011,0,0.0,0
69079f2cafa5e245b1af744d,Captain Corelli's Mandolin,movie,2001,0,0.0,0
69079f2cafa5e245b1af744e,The Pacifier,movie,2005,0,0.0,0
69079f2cafa5e245b1af744f,Walking Tall,movie,2004,0,0.0,0
69079f2cafa5e245b1af7450,Forrest Gump,movie,1994,0,0.0,0
69079f2cafa5e245b1af7451,Alvin and the Chipmunks,movie,2007,0,0.0,0
69079f2cafa5e245b1af7452,Meet the Parents,movie,2000,0,0.0,0
69079f2cafa5e245b1af7453,Pocahontas,movie,1995,0,0.0,0
69079f2cafa5e245b1af7454,Superman,movie,1978,0,0.0,0
69079f2cafa5e245b1af7455,The Nutty Professor,movie,1996,0,0.0,0
69079f2cafa5e245b1af7456,Hitch,movie,2005,0,0.0,0
69079f2cafa5e245b1af7457,George of the Jungle,movie,1997,0,0.0,0
69079f2cafa5e245b1af7458,American Wedding,movie,2003,0,0.0,0
69079f2cafa5e245b1af7459,Captain Phillips,movie,2013,0,0.0,0
69079f2cafa5e245b1af745a,Date Night,movie,2010,0,0.0,0
69079f2cafa5e245b1af745b,Casper,movie,1995,0,0.0,0
69079f2cafa5e245b1af745c,The Equalizer,movie,2014,0,0.0,0
69079f2cafa5e245b1af745d,Maid in Manhattan,movie,2002,0,0.0,0
69079f2cafa5e245b1af745e,Crimson Tide,movie,1995,0,0.0,0
69079f2cafa5e245b1af745f,The Pursuit of Happyness,movie,2006,0,0.0,0
69079f2cafa5e245b1af7460,Flightplan,movie,2005,0,0.0,0
69079f2cafa5e245b1af7461,Disclosure,movie,1994,0,0.0,0
69079f2cafa5e245b1af7462,City of Angels,movie,1998,0,0.0,0
69079f2cafa5e245b1af7463,Kill Bill: Vol. 1,movie,2003,0,0.0,0
69079f2cafa5e245b1af7464,Bowfinger,movie,1999,0,0.0,0
69079f2cafa5e245b1af7465,Kill Bill: Vol. 2,movie,2004,0,0.0,0
69079f2cafa5e245b1af7466,Tango & Cash,movie,1989,0,0.0,0
69079f2cafa5e245b1af7467,Death Becomes Her,movie,1992,0,0.0,0
69079f2cafa5e245b1af7468,Shanghai Noon,movie,2000,0,0.0,0
69079f2cafa5e245b1af7469,Executive Decision,movie,1996,0,0.0,0
69079f2cafa5e245b1af746a,Mr. Popper's Penguins,movie,2011,0,0.0,0
69079f2cafa5e245b1af746b,The Forbidden Kingdom,movie,2008,0,0.0,0
69079f2cafa5e245b1af746c,Free Birds,movie,2013,0,0.0,0
69079f2cafa5e245b1af746d,Alien³,movie,1992,0,0.0,0
69079f2cafa5e245b1af746e,Evita,movie,1996,0,0.0,0
69079f2cafa5e245b1af746f,Ronin,movie,1998,0,0.0,0
69079f2cafa5e245b1af7470,The Ghost and the Darkness,movie,1996,0,0.0,0
69079f2cafa5e245b1af7471,Paddington,movie,2014,0,0.0,0
69079f2cafa5e245b1af7472,The Watch,movie,2012,0,0.0,0
69079f2cafa5e245b1af7473,The Hunted,movie,2003,0,0.0,0
69079f2cafa5e245b1af7474,Instinct,movie,1999,0,0.0,0
69079f2cafa5e245b1af7475,Stuck on You,movie,2003,0,0.0,0
69079f2cafa5e245b1af7476,Semi-Pro,movie,2008,0,0.0,0
69079f2cafa5e245b1af7477,The Pirates! In an Adventure with Scientists!,movie,2012,0,0.0,0
69079f2cafa5e245b1af7478,Changeling,movie,2008,0,0.0,0
69079f2cafa5e245b1af7479,Chain Reaction,movie,1996,0,0.0,0
69079f2cafa5e245b1af747a,The Fan,movie,1996,0,0.0,0
69079f2cafa5e245b1af747b,The Phantom of the Opera,movie,2004,0,0.0,0
69079f2cafa5e245b1af747c,Elizabeth: The Golden Age,movie,2007,0,0.0,0
69079f2cafa5e245b1af747d,Æon Flux,movie,2005,0,0.0,0
69079f2cafa5e245b1af747e,Gods and Generals,movie,2003,0,0.0,0
69079f2cafa5e245b1af747f,Turbulence,movie,1997,0,0.0,0
69079f2cafa5e245b1af7480,Imagine That,movie,2009,0,0.0,0
69079f2cafa5e245b1af7481,Muppets Most Wanted,movie,2014,0,0.0,0
69079f2cafa5e245b1af7482,Thunderbirds,movie,2004,0,0.0,0
69079f2cafa5e245b1af7483,Burlesque,movie,2010,0,0.0,0
69079f2cafa5e245b1af7484,A Very Long Engagement,movie,2004,0,0.0,0
69079f2cafa5e245b1af7485,Lolita,movie,1962,0,0.0,0
69079f2cafa5e245b1af7486,D-Tox,movie,2002,0,0.0,0
69079f2cafa5e245b1af7487,Blade II,movie,2002,0,0.0,0
69079f2cafa5e245b1af7488,Seven Pounds,movie,2008,0,0.0,0
69079f2cafa5e245b1af7489,Bullet to the Head,movie,2013,0,0.0,0
69079f2cafa5e245b1af748a,The Godfather: Part III,movie,1990,0,0.0,0
69079f2cafa5e245b1af748b,Elizabethtown,movie,2005,0,0.0,0
69079f2cafa5e245b1af748c,"You, Me and Dupree",movie,2006,0,0.0,0
69079f2cafa5e245b1af748d,Superman II,movie,1980,0,0.0,0
69079f2cafa5e245b1af748e,Gigli,movie,2003,0,0.0,0
69079f2cafa5e245b1af748f,All the King's Men,movie,2006,0,0.0,0
69079f2cafa5e245b1af7490,Shaft,movie,2000,0,0.0,0
69079f2cafa5e245b1af7491,Anastasia,movie,1997,0,0.0,0
69079f2cafa5e245b1af7492,Moulin Rouge!,movie,2001,0,0.0,0
69079f2cafa5e245b1af7493,Domestic Disturbance,movie,2001,0,0.0,0
69079f2cafa5e245b1af7494,Black Mass,movie,2015,0,0.0,0
69079f2cafa5e245b1af7495,Flags of Our Fathers,movie,2006,0,0.0,0
69079f2cafa5e245b1af7496,Law Abiding Citizen,movie,2009,0,0.0,0
69079f2cafa5e245b1af7497,Grindhouse,movie,2007,0,0.0,0
69079f2cafa5e245b1af7498,Beloved,movie,1998,0,0.0,0
69079f2cafa5e245b1af7499,Lucky You,movie,2007,0,0.0,0
69079f2cafa5e245b1af749a,Catch Me If You Can,movie,2002,0,0.0,0
69079f2cafa5e245b1af749b,Zero Dark Thirty,movie,2012,0,0.0,0
69079f2cafa5e245b1af749c,The Break-Up,movie,2006,0,0.0,0
69079f2cafa5e245b1af749d,Mamma Mia!,movie,2008,0,0.0,0
69079f2cafa5e245b1af749e,Valentine's Day,movie,2010,0,0.0,0
69079f2cafa5e245b1af749f,The Dukes of Hazzard,movie,2005,0,0.0,0
69079f2cafa5e245b1af74a0,The Thin Red Line,movie,1998,0,0.0,0
69079f2cafa5e245b1af74a1,The Change-Up,movie,2011,0,0.0,0
69079f2cafa5e245b1af74a2,Man on the Moon,movie,1999,0,0.0,0
69079f2cafa5e245b1af74a3,Casino,movie,1995,0,0.0,0
69079f2cafa5e245b1af74a4,From Paris with Love,movie,2010,0,0.0,0
69079f2cafa5e245b1af74a5,Bulletproof Monk,movie,2003,0,0.0,0
69079f2cafa5e245b1af74a6,"Me, Myself & Irene",movie,2000,0,0.0,0
69079f2cafa5e245b1af74a7,Barnyard,movie,2006,0,0.0,0
69079f2cafa5e245b1af74a8,Deck the Halls,movie,2006,0,0.0,0
69079f2cafa5e245b1af74a9,The Twilight Saga: New Moon,movie,2009,0,0.0,0
69079f2cafa5e245b1af74aa,Shrek,movie,2001,0,0.0,0
69079f2cafa5e245b1af74ab,The Adjustment Bureau,movie,2011,0,0.0,0
69079f2cafa5e245b1af74ac,Robin Hood: Prince of Thieves,movie,1991,0,0.0,0
69079f2cafa5e245b1af74ad,Jerry Maguire,movie,1996,0,0.0,0
69079f2cafa5e245b1af74ae,Ted,movie,2012,0,0.0,0
69079f2cafa5e245b1af74af,As Good as It Gets,movie,1997,0,0.0,0
69079f2cafa5e245b1af74b0,Patch Adams,movie,1998,0,0.0,0
69079f2cafa5e245b1af74b1,Anchorman 2: The Legend Continues,movie,2013,0,0.0,0
69079f2cafa5e245b1af74b2,Mr. Deeds,movie,2002,0,0.0,0
69079f2cafa5e245b1af74b3,Super 8,movie,2011,0,0.0,0
69079f2cafa5e245b1af74b4,Erin Brockovich,movie,2000,0,0.0,0
69079f2cafa5e245b1af74b5,How to Lose a Guy in 10 Days,movie,2003,0,0.0,0
69079f2cafa5e245b1af74b6,22 Jump Street,movie,2014,0,0.0,0
69079f2cafa5e245b1af74b7,Interview with the Vampire,movie,1994,0,0.0,0
69079f2cafa5e245b1af74b8,Yes Man,movie,2008,0,0.0,0
69079f2cafa5e245b1af74b9,Central Intelligence,movie,2016,0,0.0,0
69079f2cafa5e245b1af74ba,Stepmom,movie,1998,0,0.0,0
69079f2cafa5e245b1af74bb,Daddy's Home,movie,2015,0,0.0,0
69079f2cafa5e245b1af74bc,Into the Woods,movie,2014,0,0.0,0
69079f2cafa5e245b1af74bd,Inside Man,movie,2006,0,0.0,0
69079f2cafa5e245b1af74be,Payback,movie,1999,0,0.0,0
69079f2cafa5e245b1af74bf,Congo,movie,1995,0,0.0,0
69079f2cafa5e245b1af74c0,We Bought a Zoo,movie,2011,0,0.0,0
69079f2cafa5e245b1af74c1,Knowing,movie,2009,0,0.0,0
69079f2cafa5e245b1af74c2,Failure to Launch,movie,2006,0,0.0,0
69079f2cafa5e245b1af74c3,The Ring Two,movie,2005,0,0.0,0
69079f2cafa5e245b1af74c4,"Crazy, Stupid, Love.",movie,2011,0,0.0,0
69079f2cafa5e245b1af74c5,Garfield,movie,2004,0,0.0,0
69079f2cafa5e245b1af74c6,Christmas with the Kranks,movie,2004,0,0.0,0
69079f2cafa5e245b1af74c7,Moneyball,movie,2011,0,0.0,0
69079f2cafa5e245b1af74c8,Outbreak,movie,1995,0,0.0,0
69079f2cafa5e245b1af74c9,Non-Stop,movie,2014,0,0.0,0
69079f2cafa5e245b1af74ca,Race to Witch Mountain,movie,2009,0,0.0,0
69079f2cafa5e245b1af74cb,V for Vendetta,movie,2006,0,0.0,0
69079f2cafa5e245b1af74cc,Shanghai Knights,movie,2003,0,0.0,0
69079f2cafa5e245b1af74cd,Curious George,movie,2006,0,0.0,0
69079f2cafa5e245b1af74ce,Herbie Fully Loaded,movie,2005,0,0.0,0
69079f2cafa5e245b1af74cf,Don't Say a Word,movie,2001,0,0.0,0
69079f2cafa5e245b1af74d0,Hansel & Gretel: Witch Hunters,movie,2013,0,0.0,0
69079f2cafa5e245b1af74d1,Unfaithful,movie,2002,0,0.0,0
69079f2cafa5e245b1af74d2,I Am Number Four,movie,2011,0,0.0,0
69079f2cafa5e245b1af74d3,Syriana,movie,2005,0,0.0,0
69079f2cafa5e245b1af74d4,13 Hours: The Secret Soldiers of Benghazi,movie,2016,0,0.0,0
69079f2cafa5e245b1af74d5,The Book of Life,movie,2014,0,0.0,0
69079f2cafa5e245b1af74d6,Firewall,movie,2006,0,0.0,0
69079f2cafa5e245b1af74d7,Absolute Power,movie,1997,0,0.0,0
69079f2cafa5e245b1af74d8,G.I. Jane,movie,1997,0,0.0,0
69079f2cafa5e245b1af74d9,The Game,movie,1997,0,0.0,0
69079f2cafa5e245b1af74da,Silent Hill,movie,2006,0,0.0,0
69079f2cafa5e245b1af74db,The Replacements,movie,2000,0,0.0,0
69079f2cafa5e245b1af74dc,American Reunion,movie,2012,0,0.0,0
69079f2cafa5e245b1af74dd,The Negotiator,movie,1998,0,0.0,0
69079f2cafa5e245b1af74de,Into the Storm,movie,2014,0,0.0,0
69079f2cafa5e245b1af74df,Beverly Hills Cop III,movie,1994,0,0.0,0
69079f2cafa5e245b1af74e0,Gremlins 2: The New Batch,movie,1990,0,0.0,0
69079f2cafa5e245b1af74e1,The Judge,movie,2014,0,0.0,0
69079f2cafa5e245b1af74e2,The Peacemaker,movie,1997,0,0.0,0
69079f2cafa5e245b1af74e3,Resident Evil: Apocalypse,movie,2004,0,0.0,0
69079f2cafa5e245b1af74e4,Bridget Jones: The Edge of Reason,movie,2004,0,0.0,0
69079f2cafa5e245b1af74e5,Out of Time,movie,2003,0,0.0,0
69079f2cafa5e245b1af74e6,On Deadly Ground,movie,1994,0,0.0,0
69079f2cafa5e245b1af74e7,The Adventures of Sharkboy and Lavagirl,movie,2005,0,0.0,0
69079f2cafa5e245b1af74e8,The Beach,movie,2000,0,0.0,0
69079f2cafa5e245b1af74e9,Raising Helen,movie,2004,0,0.0,0
69079f2cafa5e245b1af74ea,Ninja Assassin,movie,2009,0,0.0,0
69079f2cafa5e245b1af74eb,For Love of the Game,movie,1999,0,0.0,0
69079f2cafa5e245b1af74ec,Striptease,movie,1996,0,0.0,0
69079f2cafa5e245b1af74ed,Marmaduke,movie,2010,0,0.0,0
69079f2cafa5e245b1af74ee,Hereafter,movie,2010,0,0.0,0
69079f2cafa5e245b1af74ef,Murder by Numbers,movie,2002,0,0.0,0
69079f2cafa5e245b1af74f0,Assassins,movie,1995,0,0.0,0
69079f2cafa5e245b1af74f1,Hannibal Rising,movie,2007,0,0.0,0
69079f2cafa5e245b1af74f2,The Story of Us,movie,1999,0,0.0,0
69079f2cafa5e245b1af74f3,The Host,movie,2013,0,0.0,0
69079f2cafa5e245b1af74f4,Basic,movie,2003,0,0.0,0
69079f2cafa5e245b1af74f5,Blood Work,movie,2002,0,0.0,0
69079f2cafa5e245b1af74f6,The International,movie,2009,0,0.0,0
69079f2cafa5e245b1af74f7,Escape from L.A.,movie,1996,0,0.0,0
69079f2cafa5e245b1af74f8,The Iron Giant,movie,1999,0,0.0,0
69079f2cafa5e245b1af74f9,The Life Aquatic with Steve Zissou,movie,2004,0,0.0,0
69079f2cafa5e245b1af74fa,Free State of Jones,movie,2016,0,0.0,0
69079f2cafa5e245b1af74fb,The Life of David Gale,movie,2003,0,0.0,0
69079f2cafa5e245b1af74fc,Man of the House,movie,2005,0,0.0,0
69079f2cafa5e245b1af74fd,Run All Night,movie,2015,0,0.0,0
69079f2cafa5e245b1af74fe,Eastern Promises,movie,2007,0,0.0,0
69079f2cafa5e245b1af74ff,Into the Blue,movie,2005,0,0.0,0
69079f2cafa5e245b1af7500,The Messenger: The Story of Joan of Arc,movie,1999,0,0.0,0
69079f2cafa5e245b1af7501,Your Highness,movie,2011,0,0.0,0
69079f2cafa5e245b1af7502,Dream House,movie,2011,0,0.0,0
69079f2cafa5e245b1af7503,Mad City,movie,1997,0,0.0,0
69079f2cafa5e245b1af7504,Baby's Day Out,movie,1994,0,0.0,0
69079f2cafa5e245b1af7505,The Scarlet Letter,movie,1995,0,0.0,0
69079f2cafa5e245b1af7506,Fair Game,movie,2010,0,0.0,0
69079f2cafa5e245b1af7507,Domino,movie,2005,0,0.0,0
69079f2cafa5e245b1af7508,Jade,movie,1995,0,0.0,0
69079f2cafa5e245b1af7509,Gamer,movie,2009,0,0.0,0
69079f2cafa5e245b1af750a,Beautiful Creatures,movie,2013,0,0.0,0
69079f2cafa5e245b1af750b,Death to Smoochy,movie,2002,0,0.0,0
69079f2cafa5e245b1af750c,Zoolander 2,movie,2016,0,0.0,0
69079f2cafa5e245b1af750d,The Big Bounce,movie,2004,0,0.0,0
69079f2cafa5e245b1af750e,What Planet Are You From?,movie,2000,0,0.0,0
